,User_ID,User,Country,Profession,Date
0,1,Michael Miller,United States of America,QA Engineer,2020-07-12 
1,2,Lisa Smith,United States of America,Accountant,2019-01-06 
2,3,Daniel Martin,United States of America,Logistician,2019-11-22 
3,4,Carol Lopez,United States of America,Project Manager,2018-07-21 
4,5,Linda Lopez,United States of America,Product Manager,2022-09-08 
5,6,Helen Martinez,United States of America,Machine Learning Engineer,2018-05-30 
6,7,Thomas Smith,United States of America,Data Scientist,2020-12-05 
7,8,Benjamin Smith,United States of America,Loan Officer,2021-10-13 
8,9,Elizabeth Wilson,United States of America,Back End Developer,2019-05-13 
9,10,Niam Garcia,United States of America,Market research Analyst,2021-07-03 
10,11,Charles Williams,United States of America,Senior Data Analyst,2019-11-14 
11,12,Kris Johnson,United States of America,C++ Developer,2019-09-28 
12,13,Niam Martinez,United States of America,Senior Data Analyst,2022-11-03 
13,14,Carol Williams,United States of America,Statistician,2021-09-04 
14,15,Lisa Martinez,United States of America,Loan Officer,2019-03-17 
15,16,Paul Wilson,United States of America,Database Administrator,2022-01-16 
16,17,Benjamin Martin,United States of America,Data Scientist,2021-09-17 
17,18,Lisa Martin,United States of America,C++ Developer,2022-02-19 
18,19,Linda Gonzales,United States of America,Logistician,2021-02-11 
19,20,Lucas Hernandez,United States of America,Software Engineer,2021-04-02 
20,21,Noah Martin,United States of America,QA Engineer,2020-12-12 
21,22,Maria Anderson,United States of America,Logistician,2021-01-07 
22,23,Noah Taylor,United States of America,Back End Developer,2020-09-17 
23,24,James Miller,United States of America,Back End Developer,2020-05-19 
24,25,Paul Smith,United States of America,Accountant,2020-06-20 
25,26,Oliver Lopez,United States of America,Market research Analyst,2020-01-10 
26,27,James Williams,United States of America,Back End Developer,2022-09-15 
27,28,Thomas Martinez,United States of America,Software Developer,2022-04-28 
28,29,Lucas Moore,United States of America,Loan Officer,2019-06-01 
29,30,James Smith,United States of America,Machine Learning Engineer,2022-05-15 
30,31,William Johnson,United States of America,Loan Officer,2022-08-17 
31,32,Paul Jackson,United States of America,Logistician,2021-04-11 
32,33,Robert Martinez,United States of America,Senior Data Analyst,2019-04-11 
33,34,Benjamin Anderson,United States of America,Senior Data Analyst,2021-11-03 
34,35,Kris Wilson,United States of America,Machine Learning Engineer,2018-05-17 
35,36,Elizabeth Brown,United States of America,HR Specialist,2020-07-18 
36,37,Benjamin Garcia,United States of America,Software Engineer,2020-09-27 
37,38,Benjamin Rodriguez,United States of America,Statistician,2022-05-30 
38,39,John Smith,United States of America,Software Engineer,2021-05-16 
39,40,Carol Davis,United States of America,Data Scientist,2020-08-13 
40,41,Maria Jackson,United States of America,Logistician,2019-12-14 
41,42,Elizabeth Smith,United States of America,Software Developer,2020-02-06 
42,43,William Miller,United States of America,HR Specialist,2020-12-29 
43,44,Lisa Johnson,United States of America,Logistician,2020-04-01 
44,45,James Lopez,United States of America,Python Developer,2021-02-01 
45,46,Daniel Jones,United States of America,Product Manager,2020-02-27 
46,47,Robert Hernandez,United States of America,Financial Manager,2021-01-13 
47,48,Helen Moore,United States of America,Junior Data Analyst,2021-12-07 
48,49,Kris Brown,United States of America,Financial Manager,2022-09-05 
49,50,William Wilson,United States of America,Senior Data Analyst,2021-04-14 
50,51,Paul Gonzales,United States of America,Back End Developer,2022-11-13 
51,52,Charles Rodriguez,United States of America,QA Engineer,2021-10-06 
52,53,Robert Davis,United States of America,Market research Analyst,2019-12-01 
53,54,Robert Jones,United States of America,Loan Officer,2021-07-17 
54,55,Sarah Jackson,United States of America,Project Manager,2018-11-07 
55,56,Daniel Jackson,United States of America,Project Manager,2018-01-22 
56,57,Thomas Wilson,United States of America,Machine Learning Engineer,2021-01-17 
57,58,John Martinez,United States of America,Market research Analyst,2018-12-13 
58,59,Helen Williams,United States of America,Senior Data Analyst,2021-11-01 
59,60,Thomas Anderson,United States of America,Project Manager,2018-11-29 
60,61,Lucas Williams,United States of America,Financial Manager,2021-01-12 
61,62,Helen Lopez,United States of America,Project Manager,2022-07-25 
62,63,Richard Williams,United States of America,Project Manager,2018-09-05 
63,64,Lucas Wilson,United States of America,Statistician,2021-02-20 
64,65,Lisa Hernandez,United States of America,Junior Data Analyst,2021-06-08 
65,66,Lucas Miller,United States of America,Senior Data Analyst,2019-11-03 
66,67,Armen Gevorgyan,Armenia,Junior Data Analyst,2019-05-27 
67,68,Gevorg Vardanyan,Armenia,Python Developer,2021-10-28 
68,69,Roza Petrosyan,Armenia,Data Scientist,2022-03-14 
69,70,Hovhannes Sargsyan,Armenia,Machine Learning Engineer,2020-08-11 
70,71,Hasmik Gevorgyan,Armenia,C++ Developer,2019-10-19 
71,72,Hovhannes Babayan,Armenia,Accountant,2018-09-05 
72,73,Ashot Hakobyan,Armenia,Back End Developer,2019-06-26 
73,74,Roza Babayan,Armenia,Python Developer,2018-05-26 
74,75,Levon Harutyunyan,Armenia,Statistician,2020-05-24 
75,76,Victor Karapetyan,Armenia,HR Specialist,2018-08-22 
76,77,Anna Arakelyan,Armenia,Loan Officer,2018-11-12 
77,78,Diana Sargsyan,Armenia,QA Engineer,2021-10-12 
78,79,Diana Karapetyan,Armenia,HR Specialist,2018-12-18 
79,80,Victor Grigoryan,Armenia,Accountant,2021-03-16 
80,81,Hasmik Stepanyan,Armenia,Software Developer,2020-03-13 
81,82,Armen Arakelyan,Armenia,Project Manager,2020-08-21 
82,83,Anahit Vardanyan,Armenia,HR Specialist,2018-07-10 
83,84,Vahe Sargsyan,Armenia,Junior Data Analyst,2020-11-20 
84,85,Anna Gevorgyan,Armenia,Project Manager,2020-12-17 
85,86,Anahit Stepanyan,Armenia,QA Engineer,2018-09-15 
86,87,Roza Barseghyan,Armenia,Product Manager,2019-01-24 
87,88,Gevorg Sargsyan,Armenia,Statistician,2020-01-07 
88,89,Levon Barseghyan,Armenia,Database Administrator,2019-06-29 
89,90,Roza Muradyan,Armenia,Machine Learning Engineer,2019-10-29 
90,91,Sona Muradyan,Armenia,Loan Officer,2021-01-25 
91,92,Diana Petrosyan,Armenia,Loan Officer,2020-08-27 
92,93,Anahit Babayan,Armenia,HR Specialist,2020-05-10 
93,94,Karen Babayan,Armenia,Software Developer,2018-07-25 
94,95,Narek Muradyan,Armenia,Logistician,2022-09-12 
95,96,Diana Harutyunyan,Armenia,C++ Developer,2021-01-30 
96,97,Hayk Grigoryan,Armenia,Database Administrator,2020-06-25 
97,98,Hayk Muradyan,Armenia,Market research Analyst,2021-10-04 
98,99,Artur Barseghyan,Armenia,C++ Developer,2018-04-08 
99,100,Gevorg Barseghyan,Armenia,QA Engineer,2022-05-02 
100,101,Ashot Gevorgyan,Armenia,Market research Analyst,2019-01-28 
101,102,Narek Barseghyan,Armenia,Database Administrator,2020-03-23 
102,103,Victor Petrosyan,Armenia,Data Scientist,2018-07-06 
103,104,Roza Khachatryan,Armenia,Data Scientist,2021-01-10 
104,105,Levon Arakelyan,Armenia,Software Engineer,2020-06-30 
105,106,Evgeny Kuznetsov,Russia,Junior Data Analyst,2021-06-28 
106,107,Grigory Sokolov,Russia,Senior Data Analyst,2018-07-01 
107,108,Evgeny Lebedev,Russia,Back End Developer,2022-05-30 
108,109,Victor Abakumov,Russia,Market research Analyst,2018-07-25 
109,110,Kiril Semyonov,Russia,Market research Analyst,2019-05-11 
110,111,Sergey Ivanov,Russia,HR Specialist,2018-02-19 
111,112,Ivan Ivanov,Russia,Statistician,2019-11-20 
112,113,Anna Ivanovna,Russia,Loan Officer,2022-09-21 
113,114,Alex Semyonov,Russia,HR Specialist,2020-08-21 
114,115,Marina Alexandrova,Russia,Back End Developer,2019-08-20 
115,116,Viktoriya Isakova,Russia,Market research Analyst,2019-12-10 
116,117,Aleksandr Alekseyev,Russia,Loan Officer,2018-07-19 
117,118,Inga Afonina,Russia,Senior Data Analyst,2018-12-03 
118,119,Karina Aznavourian,Russia,Machine Learning Engineer,2018-04-08 
119,120,Vladimir Savdunin,Russia,Loan Officer,2019-08-17 
120,121,Elena Baranova,Russia,Junior Data Analyst,2022-05-27 
121,122,Sergei Bykov,Russia,Junior Data Analyst,2020-01-29 
122,123,Yuri Ozerov,Russia,Back End Developer,2018-10-15 
123,124,Olga Yakovleva,Russia,Accountant,2019-01-11 
